,r,g,b,i,ndvi,height,label,date,rd_x,rd_y,season
0,561,596,608,766,115,1,Zand,20190302 105726,88701.76,471428.85,Spring
1,612,683,737,964,122,1,Zand,20190302 105726,88721.52,470912.3,Spring
2,526,494,417,593,105,159,Struweel,20190302 105726,88864.75,470850.32,Spring
3,629,712,788,1065,125,1,Zand,20190302 105726,88518.12,470826.0,Spring
4,422,352,249,263,76,1,Pad,20190302 105726,89275.201,471856.199,Spring
5,574,576,515,652,106,0,Water,20190302 105726,88364.58,470599.96,Spring
6,486,475,408,472,98,1,Zand,20190302 105726,87707.516,469920.189,Spring
7,441,383,276,328,85,90,Struweel,20190302 105726,89081.779,471956.212,Spring
8,511,474,382,434,91,1,Laag gras,20190302 105726,89260.326,471769.772,Spring
9,419,361,255,297,82,201,Bos,20190302 105726,89615.725,472113.13,Spring
10,450,409,317,438,98,103,Struweel,20190302 105726,88684.439,471686.159,Spring
11,458,424,357,532,107,37,Hoog gras,20190302 105726,88708.069,471654.917,Spring
12,458,419,332,411,94,43,Hoog gras,20190302 105726,88616.1083,471659.1439,Spring
13,443,400,308,371,91,1,Laag gras,20190302 105726,88617.362,471648.302,Spring
14,586,591,523,641,104,0,Water,20190302 105726,88342.79,470571.44,Spring
15,520,505,470,662,112,125,Laag gras,20190302 105726,88817.611,470869.189,Spring
16,489,443,365,527,103,151,Struweel,20190302 105726,88875.561,470853.92,Spring
17,491,457,400,481,98,1,Pad,20190302 105726,88766.629,471740.526,Spring
18,587,582,516,649,105,1,Zand,20190302 105726,88741.7,470682.28,Spring
19,544,532,459,564,101,105,Struweel,20190302 105726,88324.65,470609.61,Spring
20,447,416,314,566,111,1,Laag gras,20190302 105726,87953.4,469948.07,Spring
21,416,368,259,290,82,48,Laag gras,20190302 105726,87827.018,469945.491,Spring
22,407,348,245,321,88,61,Struweel,20190302 105726,88517.91,471367.65,Spring
23,520,516,455,626,109,1,Hoog gras,20190302 105726,88468.971,471411.524,Spring
24,625,720,800,1060,125,1,Zand,20190302 105726,88647.86,471009.67,Spring
25,582,631,654,849,118,34,Zand,20190302 105726,88174.09,470433.76,Spring
26,431,397,322,428,99,34,Hoog gras,20190302 105726,88192.33,470944.474,Spring
27,437,396,313,444,100,23,Laag gras,20190302 105726,88501.64,471307.06,Spring
28,654,675,613,724,105,1,Zand,20190302 105726,88921.76,471845.07,Spring
29,743,787,752,923,110,76,Struweel,20190302 105726,88764.44,471815.78,Spring
30,414,342,231,267,78,172,Bos,20190302 105726,89104.83,472040.04,Spring
31,590,585,521,648,104,133,Struweel,20190302 105726,89457.29,471650.11,Spring
32,1069,1203,1209,1480,116,151,Struweel,20190302 105726,88992.78,471040.71,Spring
33,604,673,721,951,122,1,Zand,20190302 105726,88726.08,470913.93,Spring
34,785,841,804,984,111,1,Laag gras,20190302 105726,88641.92,470532.17,Spring
35,595,632,634,800,114,1,Zand,20190302 105829,88701.76,471428.85,Spring
36,589,648,669,858,118,1,Zand,20190302 105829,88721.52,470912.3,Spring
37,482,454,392,607,111,159,Struweel,20190302 105829,88864.75,470850.32,Spring
38,610,676,725,944,121,1,Zand,20190302 105829,88518.12,470826.0,Spring
39,645,661,615,781,109,1,Pad,20190302 105829,89275.201,471856.199,Spring
40,455,413,342,482,102,0,Water,20190302 105829,88364.58,470599.96,Spring
41,542,569,561,700,112,1,Zand,20190302 105829,87707.516,469920.189,Spring
42,485,448,372,506,102,90,Struweel,20190302 105829,89081.779,471956.212,Spring
43,640,658,610,782,109,1,Laag gras,20190302 105829,89260.326,471769.772,Spring
44,655,680,634,800,109,201,Bos,20190302 105829,89615.725,472113.13,Spring
45,669,686,624,745,105,103,Struweel,20190302 105829,88684.439,471686.159,Spring
46,888,973,953,1167,113,37,Hoog gras,20190302 105829,88708.069,471654.917,Spring
47,657,674,623,765,107,43,Hoog gras,20190302 105829,88616.1083,471659.1439,Spring
48,641,659,606,738,107,1,Laag gras,20190302 105829,88617.362,471648.302,Spring
49,454,413,340,480,102,0,Water,20190302 105829,88342.79,470571.44,Spring
50,512,518,509,762,119,125,Laag gras,20190302 105829,88817.611,470869.189,Spring
51,479,447,378,611,112,151,Struweel,20190302 105829,88875.561,470853.92,Spring
52,674,694,638,764,106,1,Pad,20190302 105829,88766.629,471740.526,Spring
53,561,604,611,768,115,1,Zand,20190302 105829,88741.7,470682.28,Spring
54,458,423,350,526,106,105,Struweel,20190302 105829,88324.65,470609.61,Spring
55,441,405,298,583,113,1,Laag gras,20190302 105829,87953.4,469948.07,Spring
56,452,407,327,510,106,48,Laag gras,20190302 105829,87827.018,469945.491,Spring
57,444,393,299,431,98,61,Struweel,20190302 105829,88517.91,471367.65,Spring
58,532,527,494,686,112,1,Hoog gras,20190302 105829,88468.971,471411.524,Spring
59,622,696,753,989,122,1,Zand,20190302 105829,88647.86,471009.67,Spring
60,585,632,643,813,116,34,Zand,20190302 105829,88174.09,470433.76,Spring
61,448,421,353,480,103,34,Hoog gras,20190302 105829,88192.33,470944.474,Spring
62,463,430,359,507,104,23,Laag gras,20190302 105829,88501.64,471307.06,Spring
63,563,575,537,667,108,1,Zand,20190302 105829,88921.76,471845.07,Spring
64,714,757,722,871,109,76,Struweel,20190302 105829,88764.44,471815.78,Spring
65,452,407,323,516,106,172,Bos,20190302 105829,89104.83,472040.04,Spring
66,482,453,361,461,97,133,Struweel,20190302 105829,89457.29,471650.11,Spring
67,441,399,319,564,112,151,Struweel,20190302 105829,88992.78,471040.71,Spring
68,584,638,655,835,117,1,Zand,20190302 105829,88726.08,470913.93,Spring
69,424,377,278,427,100,1,Laag gras,20190302 105829,88641.92,470532.17,Spring
70,521,545,529,654,111,1,Zand,20190308 111644,88701.76,471428.85,Spring
71,544,595,612,779,117,1,Zand,20190308 111644,88721.52,470912.3,Spring
72,428,409,337,526,110,159,Struweel,20190308 111644,88864.75,470850.32,Spring
73,555,618,648,825,119,1,Zand,20190308 111644,88518.12,470826.0,Spring
74,494,478,420,569,107,1,Pad,20190308 111644,89275.201,471856.199,Spring
75,409,369,297,433,102,0,Water,20190308 111644,88364.58,470599.96,Spring
76,512,546,541,686,114,1,Zand,20190308 111644,87707.516,469920.189,Spring
77,394,350,260,360,95,90,Struweel,20190308 111644,89081.779,471956.212,Spring
78,396,354,272,413,102,1,Laag gras,20190308 111644,89260.326,471769.772,Spring
79,392,348,262,444,106,201,Bos,20190308 111644,89615.725,472113.13,Spring
80,377,331,238,321,91,103,Struweel,20190308 111644,88684.439,471686.159,Spring
81,416,385,326,473,106,37,Hoog gras,20190308 111644,88708.069,471654.917,Spring
82,429,389,311,397,96,43,Hoog gras,20190308 111644,88616.1083,471659.1439,Spring
83,421,381,300,379,94,1,Laag gras,20190308 111644,88617.362,471648.302,Spring
84,415,375,299,434,102,0,Water,20190308 111644,88342.79,470571.44,Spring
85,422,398,362,538,112,125,Laag gras,20190308 111644,88817.611,470869.189,Spring
86,396,356,276,435,104,151,Struweel,20190308 111644,88875.561,470853.92,Spring
87,488,469,404,479,99,1,Pad,20190308 111644,88766.629,471740.526,Spring
88,533,566,574,732,115,1,Zand,20190308 111644,88741.7,470682.28,Spring
89,415,383,305,472,106,105,Struweel,20190308 111644,88324.65,470609.61,Spring
90,389,353,250,486,111,1,Laag gras,20190308 111644,87953.4,469948.07,Spring
91,440,409,329,488,105,48,Laag gras,20190308 111644,87827.018,469945.491,Spring
92,403,354,265,358,94,61,Struweel,20190308 111644,88517.91,471367.65,Spring
93,483,485,436,598,110,1,Hoog gras,20190308 111644,88468.971,471411.524,Spring
94,541,592,616,784,118,1,Zand,20190308 111644,88647.86,471009.67,Spring
95,532,573,583,736,116,34,Zand,20190308 111644,88174.09,470433.76,Spring
96,441,416,357,502,106,34,Hoog gras,20190308 111644,88192.33,470944.474,Spring
97,395,350,271,379,97,23,Laag gras,20190308 111644,88501.64,471307.06,Spring
98,493,505,484,598,109,1,Zand,20190308 111644,88921.76,471845.07,Spring
99,403,357,263,327,89,76,Struweel,20190308 111644,88764.44,471815.78,Spring
100,387,336,255,386,99,172,Bos,20190308 111644,89104.83,472040.04,Spring
101,421,392,304,559,114,133,Struweel,20190308 111644,89457.29,471650.11,Spring
102,419,385,315,507,109,151,Struweel,20190308 111644,88992.78,471040.71,Spring
103,527,571,593,745,117,1,Zand,20190308 111644,88726.08,470913.93,Spring
104,384,342,255,411,103,1,Laag gras,20190308 111644,88641.92,470532.17,Spring
105,550,623,687,899,124,1,Zand,20190422 111335,88701.76,471428.85,Spring
106,553,637,716,957,126,1,Zand,20190422 111335,88721.52,470912.3,Spring
107,377,363,285,915,141,159,Struweel,20190422 111335,88864.75,470850.32,Spring
108,553,631,711,941,125,1,Zand,20190422 111335,88518.12,470826.0,Spring
109,473,514,504,969,134,1,Pad,20190422 111335,89275.201,471856.199,Spring
110,404,382,352,678,125,0,Water,20190422 111335,88364.58,470599.96,Spring
111,507,573,623,846,125,1,Zand,20190422 111335,87707.516,469920.189,Spring
112,370,343,263,729,132,90,Struweel,20190422 111335,89081.779,471956.212,Spring
113,386,368,315,610,122,1,Laag gras,20190422 111335,89260.326,471769.772,Spring
114,372,351,280,799,136,201,Bos,20190422 111335,89615.725,472113.13,Spring
115,354,333,244,704,133,103,Struweel,20190422 111335,88684.439,471686.159,Spring
116,388,371,323,668,126,37,Hoog gras,20190422 111335,88708.069,471654.917,Spring
117,395,377,331,591,119,43,Hoog gras,20190422 111335,88616.1083,471659.1439,Spring
118,384,358,300,417,104,1,Laag gras,20190422 111335,88617.362,471648.302,Spring
119,406,386,356,631,121,0,Water,20190422 111335,88342.79,470571.44,Spring
120,388,384,302,987,143,125,Laag gras,20190422 111335,88817.611,470869.189,Spring
121,374,362,275,946,143,151,Struweel,20190422 111335,88875.561,470853.92,Spring
122,435,443,423,462,103,1,Pad,20190422 111335,88766.629,471740.526,Spring
123,543,619,693,902,124,1,Zand,20190422 111335,88741.7,470682.28,Spring
124,364,346,258,625,126,105,Struweel,20190422 111335,88324.65,470609.61,Spring
125,386,390,320,1019,145,1,Laag gras,20190422 111335,87953.4,469948.07,Spring
126,382,366,293,827,136,48,Laag gras,20190422 111335,87827.018,469945.491,Spring
127,349,313,228,389,105,61,Struweel,20190422 111335,88517.91,471367.65,Spring
128,429,436,396,454,102,1,Hoog gras,20190422 111335,88468.971,471411.524,Spring
129,557,642,722,965,126,1,Zand,20190422 111335,88647.86,471009.67,Spring
130,564,653,738,970,126,34,Zand,20190422 111335,88174.09,470433.76,Spring
131,422,427,397,673,122,34,Hoog gras,20190422 111335,88192.33,470944.474,Spring
132,403,388,345,653,123,23,Laag gras,20190422 111335,88501.64,471307.06,Spring
133,534,598,652,890,125,1,Zand,20190422 111335,88921.76,471845.07,Spring
134,379,355,286,573,120,76,Struweel,20190422 111335,88764.44,471815.78,Spring
135,369,350,270,672,129,172,Bos,20190422 111335,89104.83,472040.04,Spring
136,388,371,313,669,126,133,Struweel,20190422 111335,89457.29,471650.11,Spring
137,388,380,307,804,134,151,Struweel,20190422 111335,88992.78,471040.71,Spring
138,546,634,711,938,126,1,Zand,20190422 111335,88726.08,470913.93,Spring
139,376,350,290,581,121,1,Laag gras,20190422 111335,88641.92,470532.17,Spring
140,793,870,776,956,109,1,Zand,20190601 105844,88701.76,471428.85,Summer
141,816,932,846,1081,113,1,Zand,20190601 105844,88721.52,470912.3,Summer
142,469,427,284,1283,146,159,Struweel,20190601 105844,88864.75,470850.32,Summer
143,848,972,891,1139,114,1,Zand,20190601 105844,88518.12,470826.0,Summer
144,638,686,505,1000,122,1,Pad,20190601 105844,89275.201,471856.199,Summer
145,509,487,356,945,129,0,Water,20190601 105844,88364.58,470599.96,Summer
146,735,819,739,961,113,1,Zand,20190601 105844,87707.516,469920.189,Summer
147,480,450,302,1074,138,90,Struweel,20190601 105844,89081.779,471956.212,Summer
148,492,475,323,1053,136,1,Laag gras,20190601 105844,89260.326,471769.772,Summer
149,468,456,285,1445,151,201,Bos,20190601 105844,89615.725,472113.13,Summer
150,577,587,421,1577,146,103,Struweel,20190601 105844,88684.439,471686.159,Summer
151,520,510,357,1068,134,37,Hoog gras,20190601 105844,88708.069,471654.917,Summer
152,523,499,355,878,125,43,Hoog gras,20190601 105844,88616.1083,471659.1439,Summer
153,532,516,372,966,128,1,Laag gras,20190601 105844,88617.362,471648.302,Summer
154,525,500,379,982,130,0,Water,20190601 105844,88342.79,470571.44,Summer
155,495,459,321,1326,145,125,Laag gras,20190601 105844,88817.611,470869.189,Summer
156,473,429,288,1307,146,151,Struweel,20190601 105844,88875.561,470853.92,Summer
157,628,609,493,712,106,1,Pad,20190601 105844,88766.629,471740.526,Summer
158,803,905,821,1067,114,1,Zand,20190601 105844,88741.7,470682.28,Summer
159,522,517,356,1229,140,105,Struweel,20190601 105844,88324.65,470609.61,Summer
160,514,496,421,876,126,1,Laag gras,20190601 105844,87953.4,469948.07,Summer
161,475,461,303,1197,143,48,Laag gras,20190601 105844,87827.018,469945.491,Summer
162,482,444,299,1074,138,61,Struweel,20190601 105844,88517.91,471367.65,Summer
163,714,760,635,1257,127,1,Hoog gras,20190601 105844,88468.971,471411.524,Summer
164,831,947,862,1098,113,1,Zand,20190601 105844,88647.86,471009.67,Summer
165,806,897,813,1024,111,34,Zand,20190601 105844,88174.09,470433.76,Summer
166,538,528,399,814,120,34,Hoog gras,20190601 105844,88192.33,470944.474,Summer
167,489,469,325,892,129,23,Laag gras,20190601 105844,88501.64,471307.06,Summer
168,828,927,841,1061,112,1,Zand,20190601 105844,88921.76,471845.07,Summer
169,462,416,267,748,123,76,Struweel,20190601 105844,88764.44,471815.78,Summer
170,495,474,321,1436,148,172,Bos,20190601 105844,89104.83,472040.04,Summer
171,445,437,260,1028,139,133,Struweel,20190601 105844,89457.29,471650.11,Summer
172,475,438,292,1247,144,151,Struweel,20190601 105844,88992.78,471040.71,Summer
173,812,922,836,1063,113,1,Zand,20190601 105844,88726.08,470913.93,Summer
174,495,448,327,925,130,1,Laag gras,20190601 105844,88641.92,470532.17,Summer
175,225,221,262,268,108,1,Zand,20191130 110721,88701.76,471428.85,Fall
176,236,246,304,341,118,1,Zand,20191130 110721,88721.52,470912.3,Fall
177,109,89,136,218,133,159,Struweel,20191130 110721,88864.75,470850.32,Fall
178,254,275,345,418,124,1,Zand,20191130 110721,88518.12,470826.0,Fall
179,101,85,128,177,127,1,Pad,20191130 110721,89275.201,471856.199,Fall
180,98,69,95,110,105,0,Water,20191130 110721,88364.58,470599.96,Fall
181,165,180,212,205,110,1,Zand,20191130 110721,87707.516,469920.189,Fall
182,114,89,119,173,120,90,Struweel,20191130 110721,89081.779,471956.212,Fall
183,93,66,95,146,122,1,Laag gras,20191130 110721,89260.326,471769.772,Fall
184,111,87,132,160,118,201,Bos,20191130 110721,89615.725,472113.13,Fall
185,93,65,94,133,117,101,Struweel,20191130 110721,88684.439,471686.159,Fall
186,118,107,170,297,143,33,Hoog gras,20191130 110721,88708.069,471654.917,Fall
187,116,95,128,216,130,40,Hoog gras,20191130 110721,88616.1083,471659.1439,Fall
188,97,71,100,153,122,1,Laag gras,20191130 110721,88617.362,471648.302,Fall
189,101,73,100,135,114,0,Water,20191130 110721,88342.79,470571.44,Fall
190,94,63,128,145,121,125,Laag gras,20191130 110721,88817.611,470869.189,Fall
191,105,82,129,212,133,162,Struweel,20191130 110721,88875.561,470853.92,Fall
192,131,123,179,196,119,1,Pad,20191130 110721,88766.629,471740.526,Fall
193,218,216,270,282,112,1,Zand,20191130 110721,88741.7,470682.28,Fall
194,82,59,119,171,135,110,Struweel,20191130 110721,88324.65,470609.61,Fall
195,96,71,95,160,125,1,Laag gras,20191130 110721,87953.4,469948.07,Fall
196,100,72,101,185,129,49,Laag gras,20191130 110721,87827.018,469945.491,Fall
197,128,105,134,252,132,55,Struweel,20191130 110721,88517.91,471367.65,Fall
198,95,83,139,164,126,1,Hoog gras,20191130 110721,88468.971,471411.524,Fall
199,264,285,355,435,124,1,Zand,20191130 110721,88647.86,471009.67,Fall
200,214,217,273,294,115,1,Zand,20191130 110721,88174.09,470433.76,Fall
201,102,101,146,183,128,42,Hoog gras,20191130 110721,88192.33,470944.474,Fall
202,80,52,87,125,121,23,Laag gras,20191130 110721,88501.64,471307.06,Fall
203,209,207,253,260,110,1,Zand,20191130 110721,88921.76,471845.07,Fall
204,77,50,76,92,108,64,Struweel,20191130 110721,88764.44,471815.78,Fall
205,154,134,179,217,116,172,Bos,20191130 110721,89104.83,472040.04,Fall
206,93,75,126,210,138,133,Struweel,20191130 110721,89457.29,471650.11,Fall
207,101,72,100,159,122,159,Struweel,20191130 110721,88992.78,471040.71,Fall
208,229,230,287,312,115,1,Zand,20191130 110721,88726.08,470913.93,Fall
209,83,61,84,166,133,1,Laag gras,20191130 110721,88641.92,470532.17,Fall
210,279,224,180,135,65,1,Zand,20191202 110525,88701.76,471428.85,Winter
211,314,285,251,246,87,1,Zand,20191202 110525,88721.52,470912.3,Winter
212,250,204,161,294,108,159,Struweel,20191202 110525,88864.75,470850.32,Winter
213,323,294,255,241,85,1,Zand,20191202 110525,88518.12,470826.0,Winter
214,272,211,150,178,79,1,Pad,20191202 110525,89275.201,471856.199,Winter
215,231,143,100,90,56,0,Water,20191202 110525,88364.58,470599.96,Winter
216,365,332,267,311,92,1,Zand,20191202 110525,87707.516,469920.189,Winter
217,225,150,102,116,68,90,Struweel,20191202 110525,89081.779,471956.212,Winter
218,252,186,129,165,79,1,Laag gras,20191202 110525,89260.326,471769.772,Winter
219,217,148,114,162,85,201,Bos,20191202 110525,89615.725,472113.13,Winter
220,214,116,67,86,57,101,Struweel,20191202 110525,88684.439,471686.159,Winter
221,209,131,92,113,70,33,Hoog gras,20191202 110525,88708.069,471654.917,Winter
222,197,101,66,67,50,40,Hoog gras,20191202 110525,88616.1083,471659.1439,Winter
223,187,101,56,66,52,1,Laag gras,20191202 110525,88617.362,471648.302,Winter
224,237,159,107,103,60,0,Water,20191202 110525,88342.79,470571.44,Winter
225,298,256,226,398,114,125,Laag gras,20191202 110525,88817.611,470869.189,Winter
226,232,177,142,334,118,162,Struweel,20191202 110525,88875.561,470853.92,Winter
227,219,121,68,56,40,1,Pad,20191202 110525,88766.629,471740.526,Winter
228,312,283,254,253,89,1,Zand,20191202 110525,88741.7,470682.28,Winter
229,244,179,137,179,84,110,Struweel,20191202 110525,88324.65,470609.61,Winter
230,373,315,238,293,87,1,Laag gras,20191202 110525,87953.4,469948.07,Winter
231,338,282,222,288,92,49,Laag gras,20191202 110525,87827.018,469945.491,Winter
232,200,111,68,104,68,55,Struweel,20191202 110525,88517.91,471367.65,Winter
233,223,157,107,113,67,1,Hoog gras,20191202 110525,88468.971,471411.524,Winter
234,289,248,208,189,79,1,Zand,20191202 110525,88647.86,471009.67,Winter
235,297,241,192,175,74,1,Zand,20191202 110525,88174.09,470433.76,Winter
236,215,150,103,105,65,42,Hoog gras,20191202 110525,88192.33,470944.474,Winter
237,210,127,88,106,67,23,Laag gras,20191202 110525,88501.64,471307.06,Winter
238,285,228,179,144,67,1,Zand,20191202 110525,88921.76,471845.07,Winter
239,202,96,57,73,53,64,Struweel,20191202 110525,88764.44,471815.78,Winter
240,287,225,174,241,91,172,Bos,20191202 110525,89104.83,472040.04,Winter
241,252,207,158,360,117,133,Struweel,20191202 110525,89457.29,471650.11,Winter
242,232,184,144,339,118,159,Struweel,20191202 110525,88992.78,471040.71,Winter
243,313,289,248,247,88,1,Zand,20191202 110525,88726.08,470913.93,Winter
244,305,249,185,231,86,1,Laag gras,20191202 110525,88641.92,470532.17,Winter
245,492,538,435,573,107,1,Zand,20200304 114601,88701.76,471428.85,Spring
246,535,628,533,735,115,1,Zand,20200304 114601,88721.52,470912.3,Spring
247,369,342,249,480,113,173,Struweel,20200304 114601,88864.75,470850.32,Spring
248,505,590,496,660,113,1,Zand,20200304 114601,88518.12,470826.0,Spring
249,433,438,318,596,115,8,Pad,20200304 114601,89275.201,471856.199,Spring
250,314,258,162,151,64,0,Water,20200304 114601,88364.58,470599.96,Spring
251,486,553,449,639,113,1,Zand,20200304 114601,87707.516,469920.189,Spring
252,331,281,190,342,101,87,Struweel,20200304 114601,89081.779,471956.212,Spring
253,329,296,202,433,113,1,Laag gras,20200304 114601,89260.326,471769.772,Spring
254,316,265,180,339,103,203,Bos,20200304 114601,89615.725,472113.13,Spring
255,330,286,189,353,103,106,Struweel,20200304 114601,88684.439,471686.159,Spring
256,373,357,275,560,120,8,Hoog gras,20200304 114601,88708.069,471654.917,Spring
257,356,320,231,396,105,42,Hoog gras,20200304 114601,88616.1083,471659.1439,Spring
258,343,297,211,363,102,21,Laag gras,20200304 114601,88617.362,471648.302,Spring
259,317,255,164,159,66,0,Water,20200304 114601,88342.79,470571.44,Spring
260,399,392,309,497,110,88,Laag gras,20200304 114601,88817.611,470869.189,Spring
261,351,314,225,433,110,181,Struweel,20200304 114601,88875.561,470853.92,Spring
262,435,429,298,420,98,1,Pad,20200304 114601,88766.629,471740.526,Spring
263,504,572,475,632,111,1,Zand,20200304 114601,88741.7,470682.28,Spring
264,356,323,228,427,109,102,Struweel,20200304 114601,88324.65,470609.61,Spring
265,321,288,181,562,127,1,Laag gras,20200304 114601,87953.4,469948.07,Spring
266,332,288,201,372,105,3,Laag gras,20200304 114601,87827.018,469945.491,Spring
267,310,252,166,286,95,55,Struweel,20200304 114601,88517.91,471367.65,Spring
268,438,465,357,616,116,39,Hoog gras,20200304 114601,88468.971,471411.524,Spring
269,548,646,544,740,114,1,Zand,20200304 114601,88647.86,471009.67,Spring
270,510,572,470,623,109,1,Zand,20200304 114601,88174.09,470433.76,Spring
271,372,362,271,420,106,39,Hoog gras,20200304 114601,88192.33,470944.474,Spring
272,331,299,215,374,106,1,Laag gras,20200304 114601,88501.64,471307.06,Spring
273,482,534,434,580,109,1,Zand,20200304 114601,88921.76,471845.07,Spring
274,307,251,164,245,88,73,Struweel,20200304 114601,88764.44,471815.78,Spring
275,329,284,201,394,108,170,Bos,20200304 114601,89104.83,472040.04,Spring
276,350,325,223,512,118,124,Struweel,20200304 114601,89457.29,471650.11,Spring
277,346,309,216,454,113,176,Struweel,20200304 114601,88992.78,471040.71,Spring
278,506,582,490,648,112,1,Zand,20200304 114601,88726.08,470913.93,Spring
279,333,308,209,570,126,1,Laag gras,20200304 114601,88641.92,470532.17,Spring
280,640,674,674,902,116,1,Zand,20200323 112115,88701.76,471428.85,Spring
281,649,710,733,990,120,1,Zand,20200323 112115,88721.52,470912.3,Spring
282,311,245,200,340,104,173,Struweel,20200323 112115,88864.75,470850.32,Spring
283,656,671,667,977,119,1,Zand,20200323 112115,88518.12,470826.0,Spring
284,346,298,248,561,123,8,Pad,20200323 112115,89275.201,471856.199,Spring
285,309,238,179,191,76,0,Water,20200323 112115,88364.58,470599.96,Spring
286,494,480,429,743,120,1,Zand,20200323 112115,87707.516,469920.189,Spring
287,276,201,142,227,90,87,Struweel,20200323 112115,89081.779,471956.212,Spring
288,339,291,246,584,126,1,Laag gras,20200323 112115,89260.326,471769.772,Spring
289,291,232,170,462,122,203,Bos,20200323 112115,89615.725,472113.13,Spring
290,285,219,158,321,105,106,Struweel,20200323 112115,88684.439,471686.159,Spring
291,320,261,220,423,113,8,Hoog gras,20200323 112115,88708.069,471654.917,Spring
292,322,260,213,378,108,42,Hoog gras,20200323 112115,88616.1083,471659.1439,Spring
293,304,242,191,321,102,21,Laag gras,20200323 112115,88617.362,471648.302,Spring
294,310,239,173,196,77,0,Water,20200323 112115,88342.79,470571.44,Spring
295,575,590,583,762,113,88,Laag gras,20200323 112115,88817.611,470869.189,Spring
296,324,265,221,406,111,181,Struweel,20200323 112115,88875.561,470853.92,Spring
297,298,234,178,358,109,1,Pad,20200323 112115,88766.629,471740.526,Spring
298,562,579,575,744,113,1,Zand,20200323 112115,88741.7,470682.28,Spring
299,296,234,182,275,96,102,Struweel,20200323 112115,88324.65,470609.61,Spring
300,323,285,213,530,124,1,Laag gras,20200323 112115,87953.4,469948.07,Spring
301,294,225,178,362,110,3,Laag gras,20200323 112115,87827.018,469945.491,Spring
302,321,258,209,466,118,55,Struweel,20200323 112115,88517.91,471367.65,Spring
303,371,322,270,436,108,39,Hoog gras,20200323 112115,88468.971,471411.524,Spring
304,623,633,628,890,117,1,Zand,20200323 112115,88647.86,471009.67,Spring
305,488,450,406,599,110,1,Zand,20200323 112115,88174.09,470433.76,Spring
306,379,330,283,422,105,39,Hoog gras,20200323 112115,88192.33,470944.474,Spring
307,354,302,252,507,117,1,Laag gras,20200323 112115,88501.64,471307.06,Spring
308,437,408,352,660,120,1,Zand,20200323 112115,88921.76,471845.07,Spring
309,278,212,154,282,100,73,Struweel,20200323 112115,88764.44,471815.78,Spring
310,314,249,211,442,116,170,Bos,20200323 112115,89104.83,472040.04,Spring
311,345,303,254,488,117,124,Struweel,20200323 112115,89457.29,471650.11,Spring
312,316,253,210,436,115,176,Struweel,20200323 112115,88992.78,471040.71,Spring
313,639,692,708,951,119,1,Zand,20200323 112115,88726.08,470913.93,Spring
314,341,293,244,664,132,1,Laag gras,20200323 112115,88641.92,470532.17,Spring
315,589,716,601,823,116,1,Zand,20200326 114323,88701.76,471428.85,Spring
316,619,787,689,960,121,1,Zand,20200326 114323,88721.52,470912.3,Spring
317,381,378,272,600,122,173,Struweel,20200326 114323,88864.75,470850.32,Spring
318,635,813,712,1013,122,1,Zand,20200326 114323,88518.12,470826.0,Spring
319,441,471,372,744,125,8,Pad,20200326 114323,89275.201,471856.199,Spring
320,322,286,175,176,70,0,Water,20200326 114323,88364.58,470599.96,Spring
321,555,678,569,837,120,1,Zand,20200326 114323,87707.516,469920.189,Spring
322,324,285,189,402,110,87,Struweel,20200326 114323,89081.779,471956.212,Spring
323,325,303,212,487,119,1,Laag gras,20200326 114323,89260.326,471769.772,Spring
324,316,281,184,456,118,203,Bos,20200326 114323,89615.725,472113.13,Spring
325,319,290,186,416,113,106,Struweel,20200326 114323,88684.439,471686.159,Spring
326,353,338,251,518,118,8,Hoog gras,20200326 114323,88708.069,471654.917,Spring
327,355,333,238,439,110,42,Hoog gras,20200326 114323,88616.1083,471659.1439,Spring
328,345,313,218,400,107,21,Laag gras,20200326 114323,88617.362,471648.302,Spring
329,317,270,172,179,72,0,Water,20200326 114323,88342.79,470571.44,Spring
330,438,473,385,626,117,88,Laag gras,20200326 114323,88817.611,470869.189,Spring
331,352,333,235,485,115,181,Struweel,20200326 114323,88875.561,470853.92,Spring
332,462,488,362,514,105,1,Pad,20200326 114323,88766.629,471740.526,Spring
333,585,720,613,857,118,1,Zand,20200326 114323,88741.7,470682.28,Spring
334,325,298,196,379,107,102,Struweel,20200326 114323,88324.65,470609.61,Spring
335,313,298,189,734,140,1,Laag gras,20200326 114323,87953.4,469948.07,Spring
336,348,319,227,472,115,3,Laag gras,20200326 114323,87827.018,469945.491,Spring
337,336,297,204,438,113,55,Struweel,20200326 114323,88517.91,471367.65,Spring
338,381,410,299,405,103,39,Hoog gras,20200326 114323,88468.971,471411.524,Spring
339,634,809,707,985,121,1,Zand,20200326 114323,88647.86,471009.67,Spring
340,630,790,682,964,120,1,Zand,20200326 114323,88174.09,470433.76,Spring
341,378,383,283,460,109,39,Hoog gras,20200326 114323,88192.33,470944.474,Spring
342,353,340,243,478,115,1,Laag gras,20200326 114323,88501.64,471307.06,Spring
343,570,689,582,836,118,1,Zand,20200326 114323,88921.76,471845.07,Spring
344,325,286,188,348,103,73,Struweel,20200326 114323,88764.44,471815.78,Spring
345,322,282,192,411,112,170,Bos,20200326 114323,89104.83,472040.04,Spring
346,324,308,203,518,123,124,Struweel,20200326 114323,89457.29,471650.11,Spring
347,331,306,206,581,127,176,Struweel,20200326 114323,88992.78,471040.71,Spring
348,613,774,674,941,121,1,Zand,20200326 114323,88726.08,470913.93,Spring
349,308,276,188,534,126,1,Laag gras,20200326 114323,88641.92,470532.17,Spring
350,565,631,674,897,122,1,Zand,20200508 110812,88701.76,471428.85,Spring
351,583,670,754,1040,128,1,Zand,20200508 110812,88721.52,470912.3,Spring
352,360,331,238,944,144,173,Struweel,20200508 110812,88864.75,470850.32,Spring
353,566,641,703,996,127,1,Zand,20200508 110812,88518.12,470826.0,Spring
354,446,458,425,956,136,8,Pad,20200508 110812,89275.201,471856.199,Spring
355,372,331,255,313,91,0,Water,20200508 110812,88364.58,470599.96,Spring
356,529,593,637,944,128,1,Zand,20200508 110812,87707.516,469920.189,Spring
357,421,418,347,993,140,87,Struweel,20200508 110812,89081.779,471956.212,Spring
358,380,360,296,679,128,1,Laag gras,20200508 110812,89260.326,471769.772,Spring
359,344,311,207,784,139,203,Bos,20200508 110812,89615.725,472113.13,Spring
360,365,339,248,936,143,106,Struweel,20200508 110812,88684.439,471686.159,Spring
361,391,380,314,841,136,8,Hoog gras,20200508 110812,88708.069,471654.917,Spring
362,387,366,296,696,128,42,Hoog gras,20200508 110812,88616.1083,471659.1439,Spring
363,384,364,295,638,124,21,Laag gras,20200508 110812,88617.362,471648.302,Spring
364,374,340,274,395,102,0,Water,20200508 110812,88342.79,470571.44,Spring
365,389,375,290,1180,150,88,Laag gras,20200508 110812,88817.611,470869.189,Spring
366,362,333,240,991,146,181,Struweel,20200508 110812,88875.561,470853.92,Spring
367,457,466,435,641,116,1,Pad,20200508 110812,88766.629,471740.526,Spring
368,574,654,722,1009,127,1,Zand,20200508 110812,88741.7,470682.28,Spring
369,363,345,241,676,130,102,Struweel,20200508 110812,88324.65,470609.61,Spring
370,387,377,298,874,138,1,Laag gras,20200508 110812,87953.4,469948.07,Spring
371,377,364,277,904,141,3,Laag gras,20200508 110812,87827.018,469945.491,Spring
372,360,327,238,673,130,55,Struweel,20200508 110812,88517.91,471367.65,Spring
373,423,429,380,676,123,39,Hoog gras,20200508 110812,88468.971,471411.524,Spring
374,587,670,744,1033,127,1,Zand,20200508 110812,88647.86,471009.67,Spring
375,595,686,771,1087,129,1,Zand,20200508 110812,88174.09,470433.76,Spring
376,413,407,355,692,125,39,Hoog gras,20200508 110812,88192.33,470944.474,Spring
377,384,367,297,671,127,1,Laag gras,20200508 110812,88501.64,471307.06,Spring
378,539,605,655,916,125,1,Zand,20200508 110812,88921.76,471845.07,Spring
379,352,306,214,408,107,73,Struweel,20200508 110812,88764.44,471815.78,Spring
380,372,365,270,1083,148,170,Bos,20200508 110812,89104.83,472040.04,Spring
381,359,335,245,654,129,124,Struweel,20200508 110812,89457.29,471650.11,Spring
382,349,326,221,748,136,176,Struweel,20200508 110812,88992.78,471040.71,Spring
383,579,666,743,1017,127,1,Zand,20200508 110812,88726.08,470913.93,Spring
384,377,349,288,716,131,1,Laag gras,20200508 110812,88641.92,470532.17,Spring
385,710,740,687,895,111,1,Zand,20200625 112015,88701.76,471428.85,Summer
386,729,783,756,991,115,1,Zand,20200625 112015,88721.52,470912.3,Summer
387,371,283,194,930,142,173,Struweel,20200625 112015,88864.75,470850.32,Summer
388,743,789,756,1011,115,1,Zand,20200625 112015,88518.12,470826.0,Summer
389,539,525,443,954,127,8,Pad,20200625 112015,89275.201,471856.199,Summer
390,367,295,208,548,119,0,Water,20200625 112015,88364.58,470599.96,Summer
391,664,700,660,943,117,1,Zand,20200625 112015,87707.516,469920.189,Summer
392,377,313,208,859,138,87,Struweel,20200625 112015,89081.779,471956.212,Summer
393,389,335,230,867,138,1,Laag gras,20200625 112015,89260.326,471769.772,Summer
394,327,239,140,801,142,203,Bos,20200625 112015,89615.725,472113.13,Summer
395,341,271,162,779,139,106,Struweel,20200625 112015,88684.439,471686.159,Summer
396,413,365,269,870,135,8,Hoog gras,20200625 112015,88708.069,471654.917,Summer
397,399,345,246,780,132,42,Hoog gras,20200625 112015,88616.1083,471659.1439,Summer
398,387,320,218,752,132,21,Laag gras,20200625 112015,88617.362,471648.302,Summer
399,399,347,263,783,132,0,Water,20200625 112015,88342.79,470571.44,Summer
400,405,336,243,1076,145,88,Laag gras,20200625 112015,88817.611,470869.189,Summer
401,362,274,184,941,144,181,Struweel,20200625 112015,88875.561,470853.92,Summer
402,519,474,372,567,104,1,Pad,20200625 112015,88766.629,471740.526,Summer
403,712,754,719,956,114,1,Zand,20200625 112015,88741.7,470682.28,Summer
404,361,306,184,835,139,102,Struweel,20200625 112015,88324.65,470609.61,Summer
405,403,357,246,792,132,1,Laag gras,20200625 112015,87953.4,469948.07,Summer
406,392,352,228,1134,148,3,Laag gras,20200625 112015,87827.018,469945.491,Summer
407,393,323,229,1064,146,55,Struweel,20200625 112015,88517.91,471367.65,Summer
408,641,637,571,1021,122,39,Hoog gras,20200625 112015,88468.971,471411.524,Summer
409,752,804,763,1012,114,1,Zand,20200625 112015,88647.86,471009.67,Summer
410,729,777,734,967,114,1,Zand,20200625 112015,88174.09,470433.76,Summer
411,470,437,359,708,120,39,Hoog gras,20200625 112015,88192.33,470944.474,Summer
412,395,348,246,782,132,1,Laag gras,20200625 112015,88501.64,471307.06,Summer
413,706,740,700,931,113,1,Zand,20200625 112015,88921.76,471845.07,Summer
414,315,236,126,615,132,73,Struweel,20200625 112015,88764.44,471815.78,Summer
415,377,307,209,1015,145,170,Bos,20200625 112015,89104.83,472040.04,Summer
416,372,305,207,696,130,124,Struweel,20200625 112015,89457.29,471650.11,Summer
417,311,220,118,673,136,176,Struweel,20200625 112015,88992.78,471040.71,Summer
418,738,790,763,1017,115,1,Zand,20200625 112015,88726.08,470913.93,Summer
419,380,304,224,704,129,1,Laag gras,20200625 112015,88641.92,470532.17,Summer
420,708,746,695,914,112,1,Zand,20200731 112003,88701.76,471428.85,Summer
421,720,784,748,985,115,1,Zand,20200731 112003,88721.52,470912.3,Summer
422,349,267,183,682,132,173,Struweel,20200731 112003,88864.75,470850.32,Summer
423,735,808,776,1043,117,1,Zand,20200731 112003,88518.12,470826.0,Summer
424,424,386,309,768,128,8,Pad,20200731 112003,89275.201,471856.199,Summer
425,366,316,217,725,132,0,Water,20200731 112003,88364.58,470599.96,Summer
426,651,697,658,935,117,1,Zand,20200731 112003,87707.516,469920.189,Summer
427,352,281,191,690,132,87,Struweel,20200731 112003,89081.779,471956.212,Summer
428,373,332,224,923,142,1,Laag gras,20200731 112003,89260.326,471769.772,Summer
429,372,286,205,880,140,203,Bos,20200731 112003,89615.725,472113.13,Summer
430,346,283,182,760,137,106,Struweel,20200731 112003,88684.439,471686.159,Summer
431,360,308,213,738,134,8,Hoog gras,20200731 112003,88708.069,471654.917,Summer
432,381,334,234,901,140,42,Hoog gras,20200731 112003,88616.1083,471659.1439,Summer
433,377,322,225,859,138,21,Laag gras,20200731 112003,88617.362,471648.302,Summer
434,356,305,208,738,134,0,Water,20200731 112003,88342.79,470571.44,Summer
435,394,330,244,947,141,88,Laag gras,20200731 112003,88817.611,470869.189,Summer
436,348,266,180,719,134,181,Struweel,20200731 112003,88875.561,470853.92,Summer
437,566,551,491,851,120,1,Pad,20200731 112003,88766.629,471740.526,Summer
438,678,719,679,906,114,1,Zand,20200731 112003,88741.7,470682.28,Summer
439,342,284,181,699,134,102,Struweel,20200731 112003,88324.65,470609.61,Summer
440,371,333,219,909,142,1,Laag gras,20200731 112003,87953.4,469948.07,Summer
441,372,355,217,1254,154,3,Laag gras,20200731 112003,87827.018,469945.491,Summer
442,368,296,212,977,145,55,Struweel,20200731 112003,88517.91,471367.65,Summer
443,436,404,333,514,108,39,Hoog gras,20200731 112003,88468.971,471411.524,Summer
444,742,802,760,1002,114,1,Zand,20200731 112003,88647.86,471009.67,Summer
445,718,771,724,953,114,1,Zand,20200731 112003,88174.09,470433.76,Summer
446,420,392,303,684,123,39,Hoog gras,20200731 112003,88192.33,470944.474,Summer
447,384,343,243,828,136,1,Laag gras,20200731 112003,88501.64,471307.06,Summer
448,703,753,706,938,114,1,Zand,20200731 112003,88921.76,471845.07,Summer
449,356,285,195,845,140,73,Struweel,20200731 112003,88764.44,471815.78,Summer
450,345,270,187,818,140,170,Bos,20200731 112003,89104.83,472040.04,Summer
451,333,268,176,480,118,124,Struweel,20200731 112003,89457.29,471650.11,Summer
452,303,215,116,672,137,176,Struweel,20200731 112003,88992.78,471040.71,Summer
453,716,776,746,971,115,1,Zand,20200731 112003,88726.08,470913.93,Summer
454,349,281,199,678,132,1,Laag gras,20200731 112003,88641.92,470532.17,Summer
455,580,633,584,715,110,1,Zand,20200915 112329,88701.76,471428.85,Fall
456,613,706,673,838,115,1,Zand,20200915 112329,88721.52,470912.3,Fall
457,354,287,203,305,92,173,Struweel,20200915 112329,88864.75,470850.32,Fall
458,617,707,685,863,116,1,Zand,20200915 112329,88518.12,470826.0,Fall
459,456,471,380,863,130,8,Pad,20200915 112329,89275.201,471856.199,Fall
460,357,315,214,595,125,0,Water,20200915 112329,88364.58,470599.96,Fall
461,542,596,561,745,115,1,Zand,20200915 112329,87707.516,469920.189,Fall
462,339,268,192,366,103,87,Struweel,20200915 112329,89081.779,471956.212,Fall
463,356,316,209,669,130,1,Laag gras,20200915 112329,89260.326,471769.772,Fall
464,317,225,135,425,114,203,Bos,20200915 112329,89615.725,472113.13,Fall
465,357,297,213,388,104,106,Struweel,20200915 112329,88684.439,471686.159,Fall
466,379,345,255,680,128,8,Hoog gras,20200915 112329,88708.069,471654.917,Fall
467,368,322,232,602,124,42,Hoog gras,20200915 112329,88616.1083,471659.1439,Fall
468,394,360,274,761,131,21,Laag gras,20200915 112329,88617.362,471648.302,Fall
469,353,314,210,638,128,0,Water,20200915 112329,88342.79,470571.44,Fall
470,375,327,236,530,117,88,Laag gras,20200915 112329,88817.611,470869.189,Fall
471,358,290,204,329,95,181,Struweel,20200915 112329,88875.561,470853.92,Fall
472,429,396,317,340,88,1,Pad,20200915 112329,88766.629,471740.526,Fall
473,573,636,593,762,114,1,Zand,20200915 112329,88741.7,470682.28,Fall
474,326,247,155,309,97,102,Struweel,20200915 112329,88324.65,470609.61,Fall
475,345,310,192,819,140,1,Laag gras,20200915 112329,87953.4,469948.07,Fall
476,345,304,194,770,138,3,Laag gras,20200915 112329,87827.018,469945.491,Fall
477,363,305,224,688,130,55,Struweel,20200915 112329,88517.91,471367.65,Fall
478,455,464,383,748,124,39,Hoog gras,20200915 112329,88468.971,471411.524,Fall
479,643,743,707,903,116,1,Zand,20200915 112329,88647.86,471009.67,Fall
480,601,680,643,807,114,1,Zand,20200915 112329,88174.09,470433.76,Fall
481,391,365,276,551,116,39,Hoog gras,20200915 112329,88192.33,470944.474,Fall
482,344,294,195,491,117,1,Laag gras,20200915 112329,88501.64,471307.06,Fall
483,566,625,579,733,112,1,Zand,20200915 112329,88921.76,471845.07,Fall
484,331,248,156,416,111,73,Struweel,20200915 112329,88764.44,471815.78,Fall
485,364,309,232,581,122,170,Bos,20200915 112329,89104.83,472040.04,Fall
486,359,307,215,434,109,124,Struweel,20200915 112329,89457.29,471650.11,Fall
487,328,241,158,401,110,176,Struweel,20200915 112329,88992.78,471040.71,Fall
488,617,715,684,876,117,1,Zand,20200915 112329,88726.08,470913.93,Fall
489,355,298,214,538,120,1,Laag gras,20200915 112329,88641.92,470532.17,Fall
490,266,242,241,221,90,1,Zand,20201231 105943,88701.76,471428.85,Winter
491,270,252,276,286,102,1,Zand,20201231 105943,88721.52,470912.3,Winter
492,185,124,141,183,99,173,Struweel,20201231 105943,88864.75,470850.32,Winter
493,287,280,307,342,108,1,Zand,20201231 105943,88518.12,470826.0,Winter
494,211,150,152,182,92,8,Pad,20201231 105943,89275.201,471856.199,Winter
495,166,102,108,127,86,0,Water,20201231 105943,88364.58,470599.96,Winter
496,268,246,263,267,99,1,Zand,20201231 105943,87707.516,469920.189,Winter
497,184,114,116,163,93,87,Struweel,20201231 105943,89081.779,471956.212,Winter
498,154,99,92,118,86,1,Laag gras,20201231 105943,89260.326,471769.772,Winter
499,163,99,102,132,89,203,Bos,20201231 105943,89615.725,472113.13,Winter
500,161,109,110,149,96,106,Struweel,20201231 105943,88684.439,471686.159,Winter
501,218,170,190,239,104,8,Hoog gras,20201231 105943,88708.069,471654.917,Winter
502,158,97,97,114,83,42,Hoog gras,20201231 105943,88616.1083,471659.1439,Winter
503,179,121,119,160,94,21,Laag gras,20201231 105943,88617.362,471648.302,Winter
504,158,88,92,92,73,0,Water,20201231 105943,88342.79,470571.44,Winter
505,206,152,174,184,94,88,Laag gras,20201231 105943,88817.611,470869.189,Winter
506,183,124,132,182,99,181,Struweel,20201231 105943,88875.561,470853.92,Winter
507,212,152,152,121,72,1,Pad,20201231 105943,88766.629,471740.526,Winter
508,269,242,250,235,93,1,Zand,20201231 105943,88741.7,470682.28,Winter
509,156,102,116,121,87,102,Struweel,20201231 105943,88324.65,470609.61,Winter
510,171,120,108,185,103,1,Laag gras,20201231 105943,87953.4,469948.07,Winter
511,158,107,126,171,103,3,Laag gras,20201231 105943,87827.018,469945.491,Winter
512,148,82,88,112,86,55,Struweel,20201231 105943,88517.91,471367.65,Winter
513,262,223,231,268,101,39,Hoog gras,20201231 105943,88468.971,471411.524,Winter
514,298,297,329,384,112,1,Zand,20201231 105943,88647.86,471009.67,Winter
515,273,254,271,275,100,1,Zand,20201231 105943,88174.09,470433.76,Winter
516,191,137,146,141,84,39,Hoog gras,20201231 105943,88192.33,470944.474,Winter
517,169,113,133,135,88,1,Laag gras,20201231 105943,88501.64,471307.06,Winter
518,259,228,234,208,89,1,Zand,20201231 105943,88921.76,471845.07,Winter
519,154,85,90,103,80,73,Struweel,20201231 105943,88764.44,471815.78,Winter
520,183,119,140,180,99,170,Bos,20201231 105943,89104.83,472040.04,Winter
521,189,143,145,217,106,124,Struweel,20201231 105943,89457.29,471650.11,Winter
522,162,99,103,148,95,176,Struweel,20201231 105943,88992.78,471040.71,Winter
523,277,262,284,292,102,1,Zand,20201231 105943,88726.08,470913.93,Winter
524,149,94,92,140,96,1,Laag gras,20201231 105943,88641.92,470532.17,Winter
525,500,484,459,576,107,1,Zand,20210302 111247,88701.76,471428.85,Spring
526,548,561,565,722,113,1,Zand,20210302 111247,88721.52,470912.3,Spring
527,318,252,202,330,101,173,Struweel,20210302 111247,88864.75,470850.32,Spring
528,561,582,587,766,115,1,Zand,20210302 111247,88518.12,470826.0,Spring
529,352,293,263,386,104,8,Pad,20210302 111247,89275.201,471856.199,Spring
530,288,206,149,144,66,0,Water,20210302 111247,88364.58,470599.96,Spring
531,486,487,469,629,112,1,Zand,20210302 111247,87707.516,469920.189,Spring
532,295,221,166,238,89,87,Struweel,20210302 111247,89081.779,471956.212,Spring
533,296,232,183,319,103,1,Laag gras,20210302 111247,89260.326,471769.772,Spring
534,292,216,167,264,94,203,Bos,20210302 111247,89615.725,472113.13,Spring
535,285,216,156,240,91,106,Struweel,20210302 111247,88684.439,471686.159,Spring
536,329,271,236,387,108,8,Hoog gras,20210302 111247,88708.069,471654.917,Spring
537,337,275,231,333,99,42,Hoog gras,20210302 111247,88616.1083,471659.1439,Spring
538,300,228,179,250,90,21,Laag gras,20210302 111247,88617.362,471648.302,Spring
539,286,203,148,145,67,0,Water,20210302 111247,88342.79,470571.44,Spring
540,372,315,283,367,99,88,Laag gras,20210302 111247,88817.611,470869.189,Spring
541,303,231,183,283,96,181,Struweel,20210302 111247,88875.561,470853.92,Spring
542,423,375,332,410,98,1,Pad,20210302 111247,88766.629,471740.526,Spring
543,501,490,479,602,109,1,Zand,20210302 111247,88741.7,470682.28,Spring
544,316,250,205,311,99,102,Struweel,20210302 111247,88324.65,470609.61,Spring
545,293,233,169,390,114,1,Laag gras,20210302 111247,87953.4,469948.07,Spring
546,317,249,207,360,106,3,Laag gras,20210302 111247,87827.018,469945.491,Spring
547,298,224,172,273,95,55,Struweel,20210302 111247,88517.91,471367.65,Spring
548,365,313,269,383,102,39,Hoog gras,20210302 111247,88468.971,471411.524,Spring
549,554,568,575,729,113,1,Zand,20210302 111247,88647.86,471009.67,Spring
550,536,536,526,664,110,1,Zand,20210302 111247,88174.09,470433.76,Spring
551,318,250,212,261,90,39,Hoog gras,20210302 111247,88192.33,470944.474,Spring
552,302,233,192,273,94,1,Laag gras,20210302 111247,88501.64,471307.06,Spring
553,500,492,482,606,109,1,Zand,20210302 111247,88921.76,471845.07,Spring
554,283,203,146,187,79,73,Struweel,20210302 111247,88764.44,471815.78,Spring
555,299,226,179,292,98,170,Bos,20210302 111247,89104.83,472040.04,Spring
556,304,243,187,361,108,124,Struweel,20210302 111247,89457.29,471650.11,Spring
557,285,210,162,266,96,176,Struweel,20210302 111247,88992.78,471040.71,Spring
558,542,551,550,698,112,1,Zand,20210302 111247,88726.08,470913.93,Spring
559,272,205,145,340,111,1,Laag gras,20210302 111247,88641.92,470532.17,Spring
560,500,555,599,756,120,1,Zand,20210423 104948,88701.76,471428.85,Spring
561,512,593,685,912,128,1,Zand,20210423 104948,88721.52,470912.3,Spring
562,358,349,312,679,130,173,Struweel,20210423 104948,88864.75,470850.32,Spring
563,517,589,672,892,126,1,Zand,20210423 104948,88518.12,470826.0,Spring
564,419,444,445,901,136,8,Pad,20210423 104948,89275.201,471856.199,Spring
565,278,224,169,155,71,0,Water,20210423 104948,88364.58,470599.96,Spring
566,476,531,587,808,125,1,Zand,20210423 104948,87707.516,469920.189,Spring
567,300,264,213,488,123,87,Struweel,20210423 104948,89081.779,471956.212,Spring
568,325,298,262,550,125,1,Laag gras,20210423 104948,89260.326,471769.772,Spring
569,316,289,237,690,137,203,Bos,20210423 104948,89615.725,472113.13,Spring
570,300,277,220,615,134,106,Struweel,20210423 104948,88684.439,471686.159,Spring
571,331,315,283,582,127,8,Hoog gras,20210423 104948,88708.069,471654.917,Spring
572,336,308,280,479,117,42,Hoog gras,20210423 104948,88616.1083,471659.1439,Spring
573,333,300,271,485,118,21,Laag gras,20210423 104948,88617.362,471648.302,Spring
574,281,225,175,178,77,0,Water,20210423 104948,88342.79,470571.44,Spring
575,389,398,387,617,122,88,Laag gras,20210423 104948,88817.611,470869.189,Spring
576,343,315,277,531,121,181,Struweel,20210423 104948,88875.561,470853.92,Spring
577,421,419,402,495,108,1,Pad,20210423 104948,88766.629,471740.526,Spring
578,497,557,616,817,124,1,Zand,20210423 104948,88741.7,470682.28,Spring
579,319,295,241,546,126,102,Struweel,20210423 104948,88324.65,470609.61,Spring
580,307,288,213,879,148,1,Laag gras,20210423 104948,87953.4,469948.07,Spring
581,324,304,258,734,138,3,Laag gras,20210423 104948,87827.018,469945.491,Spring
582,310,273,231,498,123,55,Struweel,20210423 104948,88517.91,471367.65,Spring
583,390,382,374,608,121,39,Hoog gras,20210423 104948,88468.971,471411.524,Spring
584,523,596,677,879,125,1,Zand,20210423 104948,88647.86,471009.67,Spring
585,520,590,659,874,125,1,Zand,20210423 104948,88174.09,470433.76,Spring
586,365,351,335,529,118,39,Hoog gras,20210423 104948,88192.33,470944.474,Spring
587,335,308,281,501,119,1,Laag gras,20210423 104948,88501.64,471307.06,Spring
588,498,559,621,828,124,1,Zand,20210423 104948,88921.76,471845.07,Spring
589,308,264,218,388,111,73,Struweel,20210423 104948,88764.44,471815.78,Spring
590,314,285,239,535,126,170,Bos,20210423 104948,89104.83,472040.04,Spring
591,321,293,250,551,126,124,Struweel,20210423 104948,89457.29,471650.11,Spring
592,309,272,229,510,124,176,Struweel,20210423 104948,88992.78,471040.71,Spring
593,502,577,661,854,125,1,Zand,20210423 104948,88726.08,470913.93,Spring
594,313,276,245,582,130,1,Laag gras,20210423 104948,88641.92,470532.17,Spring
595,780,842,747,948,109,1,Zand,20210709 103835,88701.76,471428.85,Summer
596,803,887,825,1062,113,1,Zand,20210709 103835,88721.52,470912.3,Summer
597,603,582,384,1198,133,173,Struweel,20210709 103835,88864.75,470850.32,Summer
598,784,861,795,1009,112,1,Zand,20210709 103835,88518.12,470826.0,Summer
599,676,691,537,1038,121,8,Pad,20210709 103835,89275.201,471856.199,Summer
600,574,548,344,751,113,0,Water,20210709 103835,88364.58,470599.96,Summer
601,742,798,718,1003,114,1,Zand,20210709 103835,87707.516,469920.189,Summer
602,555,526,313,806,118,87,Struweel,20210709 103835,89081.779,471956.212,Summer
603,588,582,375,1181,133,1,Laag gras,20210709 103835,89260.326,471769.772,Summer
604,589,568,366,1359,139,203,Bos,20210709 103835,89615.725,472113.13,Summer
605,589,574,366,1311,138,106,Struweel,20210709 103835,88684.439,471686.159,Summer
606,580,565,365,957,124,8,Hoog gras,20210709 103835,88708.069,471654.917,Summer
607,590,570,365,999,125,42,Hoog gras,20210709 103835,88616.1083,471659.1439,Summer
608,589,571,369,985,125,21,Laag gras,20210709 103835,88617.362,471648.302,Summer
609,583,561,367,700,109,0,Water,20210709 103835,88342.79,470571.44,Summer
610,591,575,371,1160,132,88,Laag gras,20210709 103835,88817.611,470869.189,Summer
611,535,497,286,920,126,181,Struweel,20210709 103835,88875.561,470853.92,Summer
612,652,643,476,643,99,1,Pad,20210709 103835,88766.629,471740.526,Summer
613,770,836,756,964,111,1,Zand,20210709 103835,88741.7,470682.28,Summer
614,604,595,391,1331,137,102,Struweel,20210709 103835,88324.65,470609.61,Summer
615,588,580,369,1037,127,1,Laag gras,20210709 103835,87953.4,469948.07,Summer
616,572,579,356,1424,142,3,Laag gras,20210709 103835,87827.018,469945.491,Summer
617,577,550,350,1079,130,55,Struweel,20210709 103835,88517.91,471367.65,Summer
618,629,615,457,715,106,39,Hoog gras,20210709 103835,88468.971,471411.524,Summer
619,796,881,814,1048,113,1,Zand,20210709 103835,88647.86,471009.67,Summer
620,763,828,741,925,109,1,Zand,20210709 103835,88174.09,470433.76,Summer
621,601,586,394,831,116,39,Hoog gras,20210709 103835,88192.33,470944.474,Summer
622,583,576,366,1014,126,1,Laag gras,20210709 103835,88501.64,471307.06,Summer
623,776,839,765,993,112,1,Zand,20210709 103835,88921.76,471845.07,Summer
624,565,530,321,958,125,73,Struweel,20210709 103835,88764.44,471815.78,Summer
625,575,547,343,1104,131,170,Bos,20210709 103835,89104.83,472040.04,Summer
626,567,541,336,961,125,124,Struweel,20210709 103835,89457.29,471650.11,Summer
627,530,498,278,848,123,176,Struweel,20210709 103835,88992.78,471040.71,Summer
628,801,890,826,1068,114,1,Zand,20210709 103835,88726.08,470913.93,Summer
629,575,549,355,859,119,1,Laag gras,20210709 103835,88641.92,470532.17,Summer
630,642,660,614,794,110,1,Zand,20210815 111051,88701.76,471428.85,Summer
631,671,715,689,908,115,1,Zand,20210815 111051,88721.52,470912.3,Summer
632,384,312,229,744,131,173,Struweel,20210815 111051,88864.75,470850.32,Summer
633,695,741,714,955,115,1,Zand,20210815 111051,88518.12,470826.0,Summer
634,554,518,476,979,127,8,Pad,20210815 111051,89275.201,471856.199,Summer
635,370,325,230,725,132,0,Water,20210815 111051,88364.58,470599.96,Summer
636,581,605,582,829,117,1,Zand,20210815 111051,87707.516,469920.189,Summer
637,343,274,191,606,127,87,Struweel,20210815 111051,89081.779,471956.212,Summer
638,367,314,240,593,123,1,Laag gras,20210815 111051,89260.326,471769.772,Summer
639,337,267,181,843,142,203,Bos,20210815 111051,89615.725,472113.13,Summer
640,364,304,214,979,145,106,Struweel,20210815 111051,88684.439,471686.159,Summer
641,397,358,276,877,137,8,Hoog gras,20210815 111051,88708.069,471654.917,Summer
642,391,347,254,977,142,42,Hoog gras,20210815 111051,88616.1083,471659.1439,Summer
643,392,341,251,942,141,21,Laag gras,20210815 111051,88617.362,471648.302,Summer
644,367,312,226,633,126,0,Water,20210815 111051,88342.79,470571.44,Summer
645,379,314,229,889,140,88,Laag gras,20210815 111051,88817.611,470869.189,Summer
646,337,258,174,679,133,181,Struweel,20210815 111051,88875.561,470853.92,Summer
647,460,413,335,480,102,1,Pad,20210815 111051,88766.629,471740.526,Summer
648,642,666,636,864,114,1,Zand,20210815 111051,88741.7,470682.28,Summer
649,348,294,199,907,144,102,Struweel,20210815 111051,88324.65,470609.61,Summer
650,366,324,220,916,142,1,Laag gras,20210815 111051,87953.4,469948.07,Summer
651,379,357,239,1214,152,3,Laag gras,20210815 111051,87827.018,469945.491,Summer
652,383,313,238,1031,145,55,Struweel,20210815 111051,88517.91,471367.65,Summer
653,447,420,356,701,122,39,Hoog gras,20210815 111051,88468.971,471411.524,Summer
654,683,727,700,922,114,1,Zand,20210815 111051,88647.86,471009.67,Summer
655,638,665,628,821,112,1,Zand,20210815 111051,88174.09,470433.76,Summer
656,412,385,293,826,133,39,Hoog gras,20210815 111051,88192.33,470944.474,Summer
657,365,317,230,769,135,1,Laag gras,20210815 111051,88501.64,471307.06,Summer
658,639,665,627,835,113,1,Zand,20210815 111051,88921.76,471845.07,Summer
659,337,268,179,755,138,73,Struweel,20210815 111051,88764.44,471815.78,Summer
660,311,234,149,641,134,170,Bos,20210815 111051,89104.83,472040.04,Summer
661,343,281,196,654,131,124,Struweel,20210815 111051,89457.29,471650.11,Summer
662,308,233,141,570,129,176,Struweel,20210815 111051,88992.78,471040.71,Summer
663,674,713,687,908,114,1,Zand,20210815 111051,88726.08,470913.93,Summer
664,352,289,221,644,129,1,Laag gras,20210815 111051,88641.92,470532.17,Summer
665,572,621,553,688,109,1,Zand,20210907 112017,88701.76,471428.85,Fall
666,598,689,646,830,116,1,Zand,20210907 112017,88721.52,470912.3,Fall
667,335,276,176,533,122,173,Struweel,20210907 112017,88864.75,470850.32,Fall
668,633,734,695,887,116,1,Zand,20210907 112017,88518.12,470826.0,Fall
669,476,488,412,889,130,8,Pad,20210907 112017,89275.201,471856.199,Fall
670,349,317,211,583,125,0,Water,20210907 112017,88364.58,470599.96,Fall
671,530,581,538,727,115,1,Zand,20210907 112017,87707.516,469920.189,Fall
672,348,294,208,500,117,87,Struweel,20210907 112017,89081.779,471956.212,Fall
673,357,326,226,569,122,1,Laag gras,20210907 112017,89260.326,471769.772,Fall
674,313,226,145,482,121,203,Bos,20210907 112017,89615.725,472113.13,Fall
675,341,296,189,701,134,106,Struweel,20210907 112017,88684.439,471686.159,Fall
676,381,360,263,689,128,8,Hoog gras,20210907 112017,88708.069,471654.917,Fall
677,375,342,241,756,133,42,Hoog gras,20210907 112017,88616.1083,471659.1439,Fall
678,376,335,233,704,130,21,Laag gras,20210907 112017,88617.362,471648.302,Fall
679,356,318,218,559,122,0,Water,20210907 112017,88342.79,470571.44,Fall
680,357,313,210,697,132,88,Laag gras,20210907 112017,88817.611,470869.189,Fall
681,340,283,186,606,128,181,Struweel,20210907 112017,88875.561,470853.92,Fall
682,447,445,356,492,104,1,Pad,20210907 112017,88766.629,471740.526,Fall
683,608,693,644,830,115,1,Zand,20210907 112017,88741.7,470682.28,Fall
684,339,299,190,733,136,102,Struweel,20210907 112017,88324.65,470609.61,Fall
685,369,344,238,715,131,1,Laag gras,20210907 112017,87953.4,469948.07,Fall
686,358,335,217,945,145,3,Laag gras,20210907 112017,87827.018,469945.491,Fall
687,353,302,214,791,138,55,Struweel,20210907 112017,88517.91,471367.65,Fall
688,395,378,297,552,116,39,Hoog gras,20210907 112017,88468.971,471411.524,Fall
689,607,689,630,816,114,1,Zand,20210907 112017,88647.86,471009.67,Fall
690,602,691,642,818,115,1,Zand,20210907 112017,88174.09,470433.76,Fall
691,394,379,286,676,126,39,Hoog gras,20210907 112017,88192.33,470944.474,Fall
692,352,322,224,631,128,1,Laag gras,20210907 112017,88501.64,471307.06,Fall
693,601,681,636,826,115,1,Zand,20210907 112017,88921.76,471845.07,Fall
694,340,276,176,584,126,73,Struweel,20210907 112017,88764.44,471815.78,Fall
695,344,290,198,662,131,170,Bos,20210907 112017,89104.83,472040.04,Fall
696,351,305,206,593,125,124,Struweel,20210907 112017,89457.29,471650.11,Fall
697,316,244,145,431,115,176,Struweel,20210907 112017,88992.78,471040.71,Fall
698,595,682,643,825,116,1,Zand,20210907 112017,88726.08,470913.93,Fall
699,347,298,214,518,119,1,Laag gras,20210907 112017,88641.92,470532.17,Fall
700,305,278,287,436,117,1,Zand,20211226 103526,88701.76,471428.85,Winter
701,338,342,364,630,130,1,Zand,20211226 103526,88721.52,470912.3,Winter
702,284,249,227,336,108,173,Struweel,20211226 103526,88864.75,470850.32,Winter
703,358,363,398,699,132,1,Zand,20211226 103526,88518.12,470826.0,Winter
704,250,205,176,189,86,8,Pad,20211226 103526,89275.201,471856.199,Winter
705,249,208,183,206,90,0,Water,20211226 103526,88364.58,470599.96,Winter
706,320,294,285,454,117,1,Zand,20211226 103526,87707.516,469920.189,Winter
707,241,197,171,183,86,87,Struweel,20211226 103526,89081.779,471956.212,Winter
708,233,189,160,155,79,1,Laag gras,20211226 103526,89260.326,471769.772,Winter
709,250,208,185,221,93,203,Bos,20211226 103526,89615.725,472113.13,Winter
710,249,208,185,213,92,106,Struweel,20211226 103526,88684.439,471686.159,Winter
711,295,265,248,412,116,8,Hoog gras,20211226 103526,88708.069,471654.917,Winter
712,249,205,181,203,89,42,Hoog gras,20211226 103526,88616.1083,471659.1439,Winter
713,236,192,166,164,82,21,Laag gras,20211226 103526,88617.362,471648.302,Winter
714,232,188,157,153,79,0,Water,20211226 103526,88342.79,470571.44,Winter
715,289,255,235,382,113,88,Laag gras,20211226 103526,88817.611,470869.189,Winter
716,255,213,187,226,93,181,Struweel,20211226 103526,88875.561,470853.92,Winter
717,261,220,193,220,91,1,Pad,20211226 103526,88766.629,471740.526,Winter
718,310,289,291,469,120,1,Zand,20211226 103526,88741.7,470682.28,Winter
719,279,244,224,330,108,102,Struweel,20211226 103526,88324.65,470609.61,Winter
720,246,205,178,208,91,1,Laag gras,20211226 103526,87953.4,469948.07,Winter
721,231,187,160,157,80,3,Laag gras,20211226 103526,87827.018,469945.491,Winter
722,239,194,169,178,85,55,Struweel,20211226 103526,88517.91,471367.65,Winter
723,266,230,204,256,98,39,Hoog gras,20211226 103526,88468.971,471411.524,Winter
724,371,356,384,683,129,1,Zand,20211226 103526,88647.86,471009.67,Winter
725,307,291,303,454,119,1,Zand,20211226 103526,88174.09,470433.76,Winter
726,257,219,194,224,93,39,Hoog gras,20211226 103526,88192.33,470944.474,Winter
727,256,215,191,222,92,1,Laag gras,20211226 103526,88501.64,471307.06,Winter
728,308,282,291,442,117,1,Zand,20211226 103526,88921.76,471845.07,Winter
729,233,191,163,166,83,73,Struweel,20211226 103526,88764.44,471815.78,Winter
730,267,230,208,282,102,170,Bos,20211226 103526,89104.83,472040.04,Winter
731,262,225,199,268,101,124,Struweel,20211226 103526,89457.29,471650.11,Winter
732,243,202,179,208,92,176,Struweel,20211226 103526,88992.78,471040.71,Winter
733,333,328,349,602,128,1,Zand,20211226 103526,88726.08,470913.93,Winter
734,236,194,165,171,84,1,Laag gras,20211226 103526,88641.92,470532.17,Winter
735,561,558,477,576,101,1,Zand,20220302 112108,88701.76,471428.85,Spring
736,591,607,538,672,106,1,Zand,20220302 112108,88721.52,470912.3,Spring
737,477,427,332,488,101,173,Struweel,20220302 112108,88864.75,470850.32,Spring
738,566,580,512,633,105,1,Zand,20220302 112108,88518.12,470826.0,Spring
739,524,481,368,552,102,8,Pad,20220302 112108,89275.201,471856.199,Spring
740,429,365,274,322,85,0,Water,20220302 112108,88364.58,470599.96,Spring
741,539,540,464,574,103,1,Zand,20220302 112108,87707.516,469920.189,Spring
742,466,408,303,416,94,87,Struweel,20220302 112108,89081.779,471956.212,Spring
743,473,417,319,464,99,1,Laag gras,20220302 112108,89260.326,471769.772,Spring
744,467,400,302,414,93,203,Bos,20220302 112108,89615.725,472113.13,Spring
745,446,384,288,362,89,106,Struweel,20220302 112108,88684.439,471686.159,Spring
746,500,449,353,513,101,8,Hoog gras,20220302 112108,88708.069,471654.917,Spring
747,487,427,330,433,94,42,Hoog gras,20220302 112108,88616.1083,471659.1439,Spring
748,474,414,319,417,93,21,Laag gras,20220302 112108,88617.362,471648.302,Spring
749,441,373,283,353,88,0,Water,20220302 112108,88342.79,470571.44,Spring
750,499,462,376,523,102,88,Laag gras,20220302 112108,88817.611,470869.189,Spring
751,462,410,319,459,99,181,Struweel,20220302 112108,88875.561,470853.92,Spring
752,512,470,376,455,94,1,Pad,20220302 112108,88766.629,471740.526,Spring
753,528,523,451,553,102,1,Zand,20220302 112108,88741.7,470682.28,Spring
754,426,369,283,375,93,102,Struweel,20220302 112108,88324.65,470609.61,Spring
755,439,381,283,444,100,1,Laag gras,20220302 112108,87953.4,469948.07,Spring
756,465,409,320,461,99,3,Laag gras,20220302 112108,87827.018,469945.491,Spring
757,440,376,283,374,91,55,Struweel,20220302 112108,88517.91,471367.65,Spring
758,494,465,376,472,97,39,Hoog gras,20220302 112108,88468.971,471411.524,Spring
759,598,623,559,692,107,1,Zand,20220302 112108,88647.86,471009.67,Spring
760,557,562,490,592,103,1,Zand,20220302 112108,88174.09,470433.76,Spring
761,471,432,347,443,96,39,Hoog gras,20220302 112108,88192.33,470944.474,Spring
762,454,402,316,414,95,1,Laag gras,20220302 112108,88501.64,471307.06,Spring
763,565,561,476,583,101,1,Zand,20220302 112108,88921.76,471845.07,Spring
764,446,379,283,334,85,73,Struweel,20220302 112108,88764.44,471815.78,Spring
765,456,393,300,434,97,170,Bos,20220302 112108,89104.83,472040.04,Spring
766,477,425,324,474,99,124,Struweel,20220302 112108,89457.29,471650.11,Spring
767,436,376,285,441,100,176,Struweel,20220302 112108,88992.78,471040.71,Spring
768,567,575,508,621,104,1,Zand,20220302 112108,88726.08,470913.93,Spring
769,423,370,280,463,104,1,Laag gras,20220302 112108,88641.92,470532.17,Spring
770,788,790,737,954,109,1,Zand,20220501 111418,88701.76,471428.85,Spring
771,834,883,854,1122,114,1,Zand,20220501 111418,88721.52,470912.3,Spring
772,511,433,295,1048,134,173,Struweel,20220501 111418,88864.75,470850.32,Spring
773,835,864,828,1091,113,1,Zand,20220501 111418,88518.12,470826.0,Spring
774,718,641,533,945,113,8,Pad,20220501 111418,89275.201,471856.199,Spring
775,529,440,359,652,110,0,Water,20220501 111418,88364.58,470599.96,Spring
776,778,784,727,1005,112,1,Zand,20220501 111418,87707.516,469920.189,Spring
777,513,442,305,935,129,87,Struweel,20220501 111418,89081.779,471956.212,Spring
778,532,453,352,761,117,1,Laag gras,20220501 111418,89260.326,471769.772,Spring
779,561,485,347,961,126,203,Bos,20220501 111418,89615.725,472113.13,Spring
780,534,452,324,895,125,106,Struweel,20220501 111418,88684.439,471686.159,Spring
781,577,506,400,865,119,8,Hoog gras,20220501 111418,88708.069,471654.917,Spring
782,577,490,381,750,113,42,Hoog gras,20220501 111418,88616.1083,471659.1439,Spring
783,550,466,366,674,110,21,Laag gras,20220501 111418,88617.362,471648.302,Spring
784,542,448,366,720,114,0,Water,20220501 111418,88342.79,470571.44,Spring
785,510,450,322,1086,136,88,Laag gras,20220501 111418,88817.611,470869.189,Spring
786,503,424,293,1021,133,181,Struweel,20220501 111418,88875.561,470853.92,Spring
787,634,580,489,700,104,1,Pad,20220501 111418,88766.629,471740.526,Spring
788,769,776,723,953,110,1,Zand,20220501 111418,88741.7,470682.28,Spring
789,478,407,279,880,129,102,Struweel,20220501 111418,88324.65,470609.61,Spring
790,529,460,322,1071,133,1,Laag gras,20220501 111418,87953.4,469948.07,Spring
791,549,477,337,1097,133,3,Laag gras,20220501 111418,87827.018,469945.491,Spring
792,501,411,300,657,113,55,Struweel,20220501 111418,88517.91,471367.65,Spring
793,614,567,478,812,113,39,Hoog gras,20220501 111418,88468.971,471411.524,Spring
794,834,869,830,1082,112,1,Zand,20220501 111418,88647.86,471009.67,Spring
795,804,831,791,1014,111,1,Zand,20220501 111418,88174.09,470433.76,Spring
796,601,536,442,821,115,39,Hoog gras,20220501 111418,88192.33,470944.474,Spring
797,547,475,377,753,115,1,Laag gras,20220501 111418,88501.64,471307.06,Spring
798,797,819,776,1030,112,1,Zand,20220501 111418,88921.76,471845.07,Spring
799,508,413,301,593,107,73,Struweel,20220501 111418,88764.44,471815.78,Spring
800,550,499,344,1060,131,170,Bos,20220501 111418,89104.83,472040.04,Spring
801,521,442,327,785,120,124,Struweel,20220501 111418,89457.29,471650.11,Spring
802,489,418,281,859,127,176,Struweel,20220501 111418,88992.78,471040.71,Spring
803,817,857,825,1080,113,1,Zand,20220501 111418,88726.08,470913.93,Spring
804,506,425,328,752,119,1,Laag gras,20220501 111418,88641.92,470532.17,Spring
805,710,788,573,866,109,1,Zand,20220514 114854,88701.76,471428.85,Spring
806,839,1074,891,1266,120,1,Zand,20220514 114854,88721.52,470912.3,Spring
807,545,568,368,988,128,173,Struweel,20220514 114854,88864.75,470850.32,Spring
808,747,883,666,972,113,1,Zand,20220514 114854,88518.12,470826.0,Spring
809,658,697,500,1103,125,8,Pad,20220514 114854,89275.201,471856.199,Spring
810,645,676,460,802,110,0,Water,20220514 114854,88364.58,470599.96,Spring
811,778,832,584,892,106,1,Zand,20220514 114854,87707.516,469920.189,Spring
812,441,465,279,1150,144,87,Struweel,20220514 114854,89081.779,471956.212,Spring
813,547,586,410,927,125,1,Laag gras,20220514 114854,89260.326,471769.772,Spring
814,515,521,328,908,127,203,Bos,20220514 114854,89615.725,472113.13,Spring
815,875,928,621,925,102,106,Struweel,20220514 114854,88684.439,471686.159,Spring
816,786,820,544,878,105,8,Hoog gras,20220514 114854,88708.069,471654.917,Spring
817,823,857,560,835,100,42,Hoog gras,20220514 114854,88616.1083,471659.1439,Spring
818,807,849,572,875,104,21,Laag gras,20220514 114854,88617.362,471648.302,Spring
819,763,807,549,906,108,0,Water,20220514 114854,88342.79,470571.44,Spring
820,667,719,489,1068,123,88,Laag gras,20220514 114854,88817.611,470869.189,Spring
821,523,547,357,997,131,181,Struweel,20220514 114854,88875.561,470853.92,Spring
822,557,613,433,671,109,1,Pad,20220514 114854,88766.629,471740.526,Spring
823,726,817,615,943,113,1,Zand,20220514 114854,88741.7,470682.28,Spring
824,742,771,511,886,108,102,Struweel,20220514 114854,88324.65,470609.61,Spring
825,794,828,551,922,107,1,Laag gras,20220514 114854,87953.4,469948.07,Spring
826,609,644,421,1037,126,3,Laag gras,20220514 114854,87827.018,469945.491,Spring
827,532,545,356,757,117,55,Struweel,20220514 114854,88517.91,471367.65,Spring
828,605,662,467,818,114,39,Hoog gras,20220514 114854,88468.971,471411.524,Spring
829,739,871,682,988,114,1,Zand,20220514 114854,88647.86,471009.67,Spring
830,763,871,647,971,111,1,Zand,20220514 114854,88174.09,470433.76,Spring
831,659,700,481,825,111,39,Hoog gras,20220514 114854,88192.33,470944.474,Spring
832,658,689,469,854,112,1,Laag gras,20220514 114854,88501.64,471307.06,Spring
833,809,862,587,883,104,1,Zand,20220514 114854,88921.76,471845.07,Spring
834,698,738,506,878,111,73,Struweel,20220514 114854,88764.44,471815.78,Spring
835,461,486,296,1304,147,170,Bos,20220514 114854,89104.83,472040.04,Spring
836,738,764,514,889,109,124,Struweel,20220514 114854,89457.29,471650.11,Spring
837,797,844,568,929,107,176,Struweel,20220514 114854,88992.78,471040.71,Spring
838,843,1083,890,1259,119,1,Zand,20220514 114854,88726.08,470913.93,Spring
839,799,833,563,913,106,1,Laag gras,20220514 114854,88641.92,470532.17,Spring
840,742,914,733,976,113,1,Zand,20220515 113347,88701.76,471428.85,Spring
841,760,968,792,1079,117,1,Zand,20220515 113347,88721.52,470912.3,Spring
842,389,377,214,1093,147,173,Struweel,20220515 113347,88864.75,470850.32,Spring
843,750,953,787,1067,117,1,Zand,20220515 113347,88518.12,470826.0,Spring
844,631,685,514,1027,123,8,Pad,20220515 113347,89275.201,471856.199,Spring
845,442,451,316,720,123,0,Water,20220515 113347,88364.58,470599.96,Spring
846,684,850,707,1038,120,1,Zand,20220515 113347,87707.516,469920.189,Spring
847,407,423,242,1007,142,87,Struweel,20220515 113347,89081.779,471956.212,Spring
848,440,454,304,839,131,1,Laag gras,20220515 113347,89260.326,471769.772,Spring
849,404,462,246,1450,156,203,Bos,20220515 113347,89615.725,472113.13,Spring
850,397,412,240,1210,150,106,Struweel,20220515 113347,88684.439,471686.159,Spring
851,440,453,302,881,133,8,Hoog gras,20220515 113347,88708.069,471654.917,Spring
852,440,445,303,873,132,42,Hoog gras,20220515 113347,88616.1083,471659.1439,Spring
853,438,437,297,742,125,21,Laag gras,20220515 113347,88617.362,471648.302,Spring
854,441,439,311,769,127,0,Water,20220515 113347,88342.79,470571.44,Spring
855,427,440,272,1184,146,88,Laag gras,20220515 113347,88817.611,470869.189,Spring
856,403,398,246,1209,150,181,Struweel,20220515 113347,88875.561,470853.92,Spring
857,551,594,429,597,104,1,Pad,20220515 113347,88766.629,471740.526,Spring
858,707,877,712,980,116,1,Zand,20220515 113347,88741.7,470682.28,Spring
859,427,451,272,1133,145,102,Struweel,20220515 113347,88324.65,470609.61,Spring
860,442,466,309,974,137,1,Laag gras,20220515 113347,87953.4,469948.07,Spring
861,399,416,233,1232,151,3,Laag gras,20220515 113347,87827.018,469945.491,Spring
862,398,380,229,850,136,55,Struweel,20220515 113347,88517.91,471367.65,Spring
863,512,561,406,820,123,39,Hoog gras,20220515 113347,88468.971,471411.524,Spring
864,765,968,792,1094,117,1,Zand,20220515 113347,88647.86,471009.67,Spring
865,754,946,772,1046,116,1,Zand,20220515 113347,88174.09,470433.76,Spring
866,484,522,381,872,128,39,Hoog gras,20220515 113347,88192.33,470944.474,Spring
867,431,445,289,823,131,1,Laag gras,20220515 113347,88501.64,471307.06,Spring
868,740,934,760,1063,117,1,Zand,20220515 113347,88921.76,471845.07,Spring
869,411,393,247,758,129,73,Struweel,20220515 113347,88764.44,471815.78,Spring
870,398,402,234,1119,147,170,Bos,20220515 113347,89104.83,472040.04,Spring
871,404,416,234,988,141,124,Struweel,20220515 113347,89457.29,471650.11,Spring
872,368,354,176,979,145,176,Struweel,20220515 113347,88992.78,471040.71,Spring
873,764,978,805,1114,118,1,Zand,20220515 113347,88726.08,470913.93,Spring
874,420,407,271,802,131,1,Laag gras,20220515 113347,88641.92,470532.17,Spring
875,2875,2168,2239,1297,62,1,Zand,20220816 111150,88701.76,471428.85,Summer
876,2868,2185,2265,1340,63,1,Zand,20220816 111150,88721.52,470912.3,Summer
877,2782,2063,2083,1330,64,173,Struweel,20220816 111150,88864.75,470850.32,Summer
878,2860,2169,2252,1318,63,1,Zand,20220816 111150,88518.12,470826.0,Summer
879,2886,2163,2205,1317,62,8,Pad,20220816 111150,89275.201,471856.199,Summer
880,2774,2059,2084,1305,63,0,Water,20220816 111150,88364.58,470599.96,Summer
881,2753,2064,2117,1248,62,1,Zand,20220816 111150,87707.516,469920.189,Summer
882,2910,2175,2207,1340,63,87,Struweel,20220816 111150,89081.779,471956.212,Summer
883,2948,2216,2262,1372,63,1,Laag gras,20220816 111150,89260.326,471769.772,Summer
884,2900,2154,2177,1405,65,203,Bos,20220816 111150,89615.725,472113.13,Summer
885,2881,2143,2160,1336,63,106,Struweel,20220816 111150,88684.439,471686.159,Summer
886,2889,2151,2193,1327,62,8,Hoog gras,20220816 111150,88708.069,471654.917,Summer
887,2895,2153,2181,1331,62,42,Hoog gras,20220816 111150,88616.1083,471659.1439,Summer
888,2866,2131,2153,1306,62,21,Laag gras,20220816 111150,88617.362,471648.302,Summer
889,2758,2045,2063,1287,63,0,Water,20220816 111150,88342.79,470571.44,Summer
890,2791,2084,2120,1347,65,88,Laag gras,20220816 111150,88817.611,470869.189,Summer
891,2792,2069,2093,1341,64,181,Struweel,20220816 111150,88875.561,470853.92,Summer
892,2930,2195,2238,1326,62,1,Pad,20220816 111150,88766.629,471740.526,Summer
893,2685,2008,2051,1220,62,1,Zand,20220816 111150,88741.7,470682.28,Summer
894,2750,2036,2056,1304,64,102,Struweel,20220816 111150,88324.65,470609.61,Summer
895,2726,2019,2071,1213,61,1,Laag gras,20220816 111150,87953.4,469948.07,Summer
896,2698,1988,2006,1256,63,3,Laag gras,20220816 111150,87827.018,469945.491,Summer
897,2906,2169,2199,1356,63,55,Struweel,20220816 111150,88517.91,471367.65,Summer
898,2875,2157,2196,1307,62,39,Hoog gras,20220816 111150,88468.971,471411.524,Summer
899,2854,2170,2249,1324,63,1,Zand,20220816 111150,88647.86,471009.67,Summer
900,2771,2078,2153,1255,62,1,Zand,20220816 111150,88174.09,470433.76,Summer
901,2870,2144,2177,1309,62,39,Hoog gras,20220816 111150,88192.33,470944.474,Summer
902,2924,2203,2231,1360,63,1,Laag gras,20220816 111150,88501.64,471307.06,Summer
903,2955,2238,2303,1349,62,1,Zand,20220816 111150,88921.76,471845.07,Summer
904,2902,2162,2185,1351,63,73,Struweel,20220816 111150,88764.44,471815.78,Summer
905,2985,2241,2268,1407,64,170,Bos,20220816 111150,89104.83,472040.04,Summer
906,2858,2141,2158,1351,64,124,Struweel,20220816 111150,89457.29,471650.11,Summer
907,2808,2083,2098,1361,65,176,Struweel,20220816 111150,88992.78,471040.71,Summer
908,2905,2218,2301,1363,63,1,Zand,20220816 111150,88726.08,470913.93,Summer
909,2758,2039,2081,1264,62,1,Laag gras,20220816 111150,88641.92,470532.17,Summer
